asset_id,batch,product,community,supply_date,status,quantity
ALLOC-SNOW-2026,ALLOC-SNOW,Stretch Bed,Canberra,,deployed,2
GB0-1,GB0-1,Basket Bed,Darwin,2024-10-28,deployed,1
GB0-10,GB0-10,Basket Bed,Kalgoorlie,2024-10-04,deployed,1
GB0-104-1,GB0-104,Basket Bed,Tennant Creek,2025-06-28,deployed,1
GB0-104-2,GB0-104,Basket Bed,Tennant Creek,2025-06-28,deployed,1
GB0-105,GB0-105,Basket Bed,Tennant Creek,2025-07-02,deployed,1
GB0-106,GB0-106,Basket Bed,Tennant Creek,2025-07-02,deployed,1
GB0-107,GB0-107,Basket Bed,Tennant Creek,2025-07-02,deployed,1
GB0-108-1,GB0-108,Basket Bed,Tennant Creek,2025-07-02,deployed,1
GB0-108-2,GB0-108,Basket Bed,Tennant Creek,2025-07-02,deployed,1
GB0-109-1,GB0-109,Basket Bed,Tennant Creek,2025-07-02,deployed,1
GB0-109-2,GB0-109,Basket Bed,Tennant Creek,2025-07-02,deployed,1
GB0-11,GB0-11,Basket Bed,Kalgoorlie,2024-10-04,deployed,1
GB0-110-1,GB0-110,Basket Bed,Tennant Creek,2025-07-02,deployed,1
GB0-110-2,GB0-110,Basket Bed,Tennant Creek,2025-07-02,deployed,1
GB0-111,GB0-111,Basket Bed,Tennant Creek,2025-07-02,deployed,1
GB0-112-1,GB0-112,Basket Bed,Tennant Creek,2025-07-02,deployed,1
GB0-112-2,GB0-112,Basket Bed,Tennant Creek,2025-07-02,deployed,1
GB0-114,GB0-114,Basket Bed,Tennant Creek,2025-07-02,deployed,1
GB0-115-1,GB0-115,Basket Bed,Tennant Creek,2025-07-02,deployed,1
GB0-115-2,GB0-115,Basket Bed,Tennant Creek,2025-07-02,deployed,1
GB0-115-3,GB0-115,Basket Bed,Tennant Creek,2025-07-02,deployed,1
GB0-116-1,GB0-116,Basket Bed,Tennant Creek,2025-07-02,deployed,1
GB0-116-2,GB0-116,Basket Bed,Tennant Creek,2025-07-02,deployed,1
GB0-118-1,GB0-118,Basket Bed,Tennant Creek,2025-07-02,deployed,1
GB0-118-2,GB0-118,Basket Bed,Tennant Creek,2025-07-02,deployed,1
GB0-119-1,GB0-119,Basket Bed,Tennant Creek,2025-07-02,deployed,1
GB0-119-2,GB0-119,Basket Bed,Tennant Creek,2025-07-02,deployed,1
GB0-12,GB0-12,Basket Bed,Kalgoorlie,2024-10-04,deployed,1
GB0-120-1,GB0-120,Basket Bed,Tennant Creek,2025-07-02,deployed,1
GB0-120-2,GB0-120,Basket Bed,Tennant Creek,2025-07-02,deployed,1
GB0-121-1,GB0-121,Basket Bed,Tennant Creek,2025-07-02,deployed,1
GB0-121-2,GB0-121,Basket Bed,Tennant Creek,2025-07-02,deployed,1
GB0-121-3,GB0-121,Basket Bed,Tennant Creek,2025-07-02,deployed,1
GB0-122,GB0-122,Basket Bed,Tennant Creek,2025-07-02,deployed,1
GB0-123,GB0-123,Basket Bed,Tennant Creek,2025-07-02,deployed,1
GB0-124-1,GB0-124,Basket Bed,Tennant Creek,2025-07-02,deployed,1
GB0-124-2,GB0-124,Basket Bed,Tennant Creek,2025-07-02,deployed,1
GB0-129,GB0-129,Stretch Bed,Tennant Creek,2025-06-28,deployed,1
GB0-13,GB0-13,Basket Bed,Tennant Creek,2024-10-04,deployed,1
GB0-130,GB0-130,Stretch Bed,Tennant Creek,2025-06-28,deployed,1
GB0-131,GB0-131,Stretch Bed,Tennant Creek,2025-06-28,deployed,1
GB0-134,GB0-134,Basket Bed,Tennant Creek,2025-08-05,deployed,1
GB0-14,GB0-14,Basket Bed,Palm Island,2024-11-04,deployed,1
GB0-140,GB0-140,Basket Bed,Mount Isa,2025-07-09,deployed,1
GB0-141,GB0-141,Basket Bed,Mount Isa,2025-07-16,deployed,1
GB0-142-1,GB0-142,Basket Bed,Palm Island,2025-08-05,deployed,1
GB0-142-2,GB0-142,Basket Bed,Palm Island,2025-08-05,deployed,1
GB0-142-3,GB0-142,Basket Bed,Palm Island,2025-08-05,deployed,1
GB0-142-4,GB0-142,Basket Bed,Palm Island,2025-08-05,deployed,1
GB0-142-5,GB0-142,Basket Bed,Palm Island,2025-08-05,deployed,1
GB0-142-6,GB0-142,Basket Bed,Palm Island,2025-08-05,deployed,1
GB0-142-7,GB0-142,Basket Bed,Palm Island,2025-08-05,deployed,1
GB0-142-8,GB0-142,Basket Bed,Palm Island,2025-08-05,deployed,1
GB0-142-9,GB0-142,Basket Bed,Palm Island,2025-08-05,deployed,1
GB0-144-1,GB0-144,Basket Bed,Tennant Creek,2025-08-05,deployed,1
GB0-144-10,GB0-144,Basket Bed,Tennant Creek,2025-08-05,deployed,1
GB0-144-11,GB0-144,Basket Bed,Tennant Creek,2025-08-05,deployed,1
GB0-144-12,GB0-144,Basket Bed,Tennant Creek,2025-08-05,deployed,1
GB0-144-13,GB0-144,Basket Bed,Tennant Creek,2025-08-05,deployed,1
GB0-144-14,GB0-144,Basket Bed,Tennant Creek,2025-08-05,deployed,1
GB0-144-15,GB0-144,Basket Bed,Tennant Creek,2025-08-05,deployed,1
GB0-144-16,GB0-144,Basket Bed,Tennant Creek,2025-08-05,deployed,1
GB0-144-17,GB0-144,Basket Bed,Tennant Creek,2025-08-05,deployed,1
GB0-144-18,GB0-144,Basket Bed,Tennant Creek,2025-08-05,deployed,1
GB0-144-19,GB0-144,Basket Bed,Tennant Creek,2025-08-05,deployed,1
GB0-144-2,GB0-144,Basket Bed,Tennant Creek,2025-08-05,deployed,1
GB0-144-20,GB0-144,Basket Bed,Tennant Creek,2025-08-05,deployed,1
GB0-144-21,GB0-144,Basket Bed,Tennant Creek,2025-08-05,deployed,1
GB0-144-22,GB0-144,Basket Bed,Tennant Creek,2025-08-05,deployed,1
GB0-144-23,GB0-144,Basket Bed,Tennant Creek,2025-08-05,deployed,1
GB0-144-24,GB0-144,Basket Bed,Tennant Creek,2025-08-05,deployed,1
GB0-144-25,GB0-144,Basket Bed,Tennant Creek,2025-08-05,deployed,1
GB0-144-26,GB0-144,Basket Bed,Tennant Creek,2025-08-05,deployed,1
GB0-144-27,GB0-144,Basket Bed,Tennant Creek,2025-08-05,deployed,1
GB0-144-28,GB0-144,Basket Bed,Tennant Creek,2025-08-05,deployed,1
GB0-144-29,GB0-144,Basket Bed,Tennant Creek,2025-08-05,deployed,1
GB0-144-3,GB0-144,Basket Bed,Tennant Creek,2025-08-05,deployed,1
GB0-144-30,GB0-144,Basket Bed,Tennant Creek,2025-08-05,deployed,1
GB0-144-31,GB0-144,Basket Bed,Tennant Creek,2025-08-05,deployed,1
GB0-144-32,GB0-144,Basket Bed,Tennant Creek,2025-08-05,deployed,1
GB0-144-33,GB0-144,Basket Bed,Tennant Creek,2025-08-05,deployed,1
GB0-144-34,GB0-144,Basket Bed,Tennant Creek,2025-08-05,deployed,1
GB0-144-35,GB0-144,Basket Bed,Tennant Creek,2025-08-05,deployed,1
GB0-144-36,GB0-144,Basket Bed,Tennant Creek,2025-08-05,deployed,1
GB0-144-37,GB0-144,Basket Bed,Tennant Creek,2025-08-05,deployed,1
GB0-144-38,GB0-144,Basket Bed,Tennant Creek,2025-08-05,deployed,1
GB0-144-39,GB0-144,Basket Bed,Tennant Creek,2025-08-05,deployed,1
GB0-144-4,GB0-144,Basket Bed,Tennant Creek,2025-08-05,deployed,1
GB0-144-40,GB0-144,Basket Bed,Tennant Creek,2025-08-05,deployed,1
GB0-144-41,GB0-144,Basket Bed,Tennant Creek,2025-08-05,deployed,1
GB0-144-42,GB0-144,Basket Bed,Tennant Creek,2025-08-05,deployed,1
GB0-144-43,GB0-144,Basket Bed,Tennant Creek,2025-08-05,deployed,1
GB0-144-44,GB0-144,Basket Bed,Tennant Creek,2025-08-05,deployed,1
GB0-144-45,GB0-144,Basket Bed,Tennant Creek,2025-08-05,deployed,1
GB0-144-46,GB0-144,Basket Bed,Tennant Creek,2025-08-05,deployed,1
GB0-144-47,GB0-144,Basket Bed,Tennant Creek,2025-08-05,deployed,1
GB0-144-48,GB0-144,Basket Bed,Tennant Creek,2025-08-05,deployed,1
GB0-144-49,GB0-144,Basket Bed,Tennant Creek,2025-08-05,deployed,1
GB0-144-5,GB0-144,Basket Bed,Tennant Creek,2025-08-05,deployed,1
GB0-144-50,GB0-144,Basket Bed,Tennant Creek,2025-08-05,deployed,1
GB0-144-51,GB0-144,Basket Bed,Tennant Creek,2025-08-05,deployed,1
GB0-144-52,GB0-144,Basket Bed,Tennant Creek,2025-08-05,deployed,1
GB0-144-53,GB0-144,Basket Bed,Tennant Creek,2025-08-05,deployed,1
GB0-144-54,GB0-144,Basket Bed,Tennant Creek,2025-08-05,deployed,1
GB0-144-55,GB0-144,Basket Bed,Tennant Creek,2025-08-05,deployed,1
GB0-144-56,GB0-144,Basket Bed,Tennant Creek,2025-08-05,deployed,1
GB0-144-57,GB0-144,Basket Bed,Tennant Creek,2025-08-05,deployed,1
GB0-144-58,GB0-144,Basket Bed,Tennant Creek,2025-08-05,deployed,1
GB0-144-59,GB0-144,Basket Bed,Tennant Creek,2025-08-05,deployed,1
GB0-144-6,GB0-144,Basket Bed,Tennant Creek,2025-08-05,deployed,1
GB0-144-60,GB0-144,Basket Bed,Tennant Creek,2025-08-05,deployed,1
GB0-144-61,GB0-144,Basket Bed,Tennant Creek,2025-08-05,deployed,1
GB0-144-62,GB0-144,Basket Bed,Tennant Creek,2025-08-05,deployed,1
GB0-144-63,GB0-144,Basket Bed,Tennant Creek,2025-08-05,deployed,1
GB0-144-64,GB0-144,Basket Bed,Tennant Creek,2025-08-05,deployed,1
GB0-144-65,GB0-144,Basket Bed,Tennant Creek,2025-08-05,deployed,1
GB0-144-66,GB0-144,Basket Bed,Tennant Creek,2025-08-05,deployed,1
GB0-144-67,GB0-144,Basket Bed,Tennant Creek,2025-08-05,deployed,1
GB0-144-68,GB0-144,Basket Bed,Tennant Creek,2025-08-05,deployed,1
GB0-144-69,GB0-144,Basket Bed,Tennant Creek,2025-08-05,deployed,1
GB0-144-7,GB0-144,Basket Bed,Tennant Creek,2025-08-05,deployed,1
GB0-144-70,GB0-144,Basket Bed,Tennant Creek,2025-08-05,deployed,1
GB0-144-71,GB0-144,Basket Bed,Tennant Creek,2025-08-05,deployed,1
GB0-144-72,GB0-144,Basket Bed,Tennant Creek,2025-08-05,deployed,1
GB0-144-73,GB0-144,Basket Bed,Tennant Creek,2025-08-05,deployed,1
GB0-144-74,GB0-144,Basket Bed,Tennant Creek,2025-08-05,deployed,1
GB0-144-75,GB0-144,Basket Bed,Tennant Creek,2025-08-05,deployed,1
GB0-144-76,GB0-144,Basket Bed,Tennant Creek,2025-08-05,deployed,1
GB0-144-77,GB0-144,Basket Bed,Tennant Creek,2025-08-05,deployed,1
GB0-144-78,GB0-144,Basket Bed,Tennant Creek,2025-08-05,deployed,1
GB0-144-79,GB0-144,Basket Bed,Tennant Creek,2025-08-05,deployed,1
GB0-144-8,GB0-144,Basket Bed,Tennant Creek,2025-08-05,deployed,1
GB0-144-80,GB0-144,Basket Bed,Tennant Creek,2025-08-05,deployed,1
GB0-144-81,GB0-144,Basket Bed,Tennant Creek,2025-08-05,deployed,1
GB0-144-82,GB0-144,Basket Bed,Tennant Creek,2025-08-05,deployed,1
GB0-144-83,GB0-144,Basket Bed,Tennant Creek,2025-08-05,deployed,1
GB0-144-84,GB0-144,Basket Bed,Tennant Creek,2025-08-05,deployed,1
GB0-144-85,GB0-144,Basket Bed,Tennant Creek,2025-08-05,deployed,1
GB0-144-86,GB0-144,Basket Bed,Tennant Creek,2025-08-05,deployed,1
GB0-144-87,GB0-144,Basket Bed,Tennant Creek,2025-08-05,deployed,1
GB0-144-88,GB0-144,Basket Bed,Tennant Creek,2025-08-05,deployed,1
GB0-144-89,GB0-144,Basket Bed,Tennant Creek,2025-08-05,deployed,1
GB0-144-9,GB0-144,Basket Bed,Tennant Creek,2025-08-05,deployed,1
GB0-144-90,GB0-144,Basket Bed,Tennant Creek,2025-08-05,deployed,1
GB0-145-1,GB0-145,Basket Bed,Palm Island,2025-08-05,deployed,1
GB0-145-10,GB0-145,Basket Bed,Palm Island,2025-08-05,deployed,1
GB0-145-11,GB0-145,Basket Bed,Palm Island,2025-08-05,deployed,1
GB0-145-12,GB0-145,Basket Bed,Palm Island,2025-08-05,deployed,1
GB0-145-13,GB0-145,Basket Bed,Palm Island,2025-08-05,deployed,1
GB0-145-14,GB0-145,Basket Bed,Palm Island,2025-08-05,deployed,1
GB0-145-15,GB0-145,Basket Bed,Palm Island,2025-08-05,deployed,1
GB0-145-16,GB0-145,Basket Bed,Palm Island,2025-08-05,deployed,1
GB0-145-17,GB0-145,Basket Bed,Palm Island,2025-08-05,deployed,1
GB0-145-18,GB0-145,Basket Bed,Palm Island,2025-08-05,deployed,1
GB0-145-19,GB0-145,Basket Bed,Palm Island,2025-08-05,deployed,1
GB0-145-2,GB0-145,Basket Bed,Palm Island,2025-08-05,deployed,1
GB0-145-20,GB0-145,Basket Bed,Palm Island,2025-08-05,deployed,1
GB0-145-21,GB0-145,Basket Bed,Palm Island,2025-08-05,deployed,1
GB0-145-22,GB0-145,Basket Bed,Palm Island,2025-08-05,deployed,1
GB0-145-23,GB0-145,Basket Bed,Palm Island,2025-08-05,deployed,1
GB0-145-24,GB0-145,Basket Bed,Palm Island,2025-08-05,deployed,1
GB0-145-25,GB0-145,Basket Bed,Palm Island,2025-08-05,deployed,1
GB0-145-26,GB0-145,Basket Bed,Palm Island,2025-08-05,deployed,1
GB0-145-27,GB0-145,Basket Bed,Palm Island,2025-08-05,deployed,1
GB0-145-28,GB0-145,Basket Bed,Palm Island,2025-08-05,deployed,1
GB0-145-29,GB0-145,Basket Bed,Palm Island,2025-08-05,deployed,1
GB0-145-3,GB0-145,Basket Bed,Palm Island,2025-08-05,deployed,1
GB0-145-30,GB0-145,Basket Bed,Palm Island,2025-08-05,deployed,1
GB0-145-31,GB0-145,Basket Bed,Palm Island,2025-08-05,deployed,1
GB0-145-32,GB0-145,Basket Bed,Palm Island,2025-08-05,deployed,1
GB0-145-33,GB0-145,Basket Bed,Palm Island,2025-08-05,deployed,1
GB0-145-34,GB0-145,Basket Bed,Palm Island,2025-08-05,deployed,1
GB0-145-35,GB0-145,Basket Bed,Palm Island,2025-08-05,deployed,1
GB0-145-36,GB0-145,Basket Bed,Palm Island,2025-08-05,deployed,1
GB0-145-37,GB0-145,Basket Bed,Palm Island,2025-08-05,deployed,1
GB0-145-38,GB0-145,Basket Bed,Palm Island,2025-08-05,deployed,1
GB0-145-39,GB0-145,Basket Bed,Palm Island,2025-08-05,deployed,1
GB0-145-4,GB0-145,Basket Bed,Palm Island,2025-08-05,deployed,1
GB0-145-40,GB0-145,Basket Bed,Palm Island,2025-08-05,deployed,1
GB0-145-41,GB0-145,Basket Bed,Palm Island,2025-08-05,deployed,1
GB0-145-42,GB0-145,Basket Bed,Palm Island,2025-08-05,deployed,1
GB0-145-43,GB0-145,Basket Bed,Palm Island,2025-08-05,deployed,1
GB0-145-44,GB0-145,Basket Bed,Palm Island,2025-08-05,deployed,1
GB0-145-45,GB0-145,Basket Bed,Palm Island,2025-08-05,deployed,1
GB0-145-46,GB0-145,Basket Bed,Palm Island,2025-08-05,deployed,1
GB0-145-47,GB0-145,Basket Bed,Palm Island,2025-08-05,deployed,1
GB0-145-48,GB0-145,Basket Bed,Palm Island,2025-08-05,deployed,1
GB0-145-49,GB0-145,Basket Bed,Palm Island,2025-08-05,deployed,1
GB0-145-5,GB0-145,Basket Bed,Palm Island,2025-08-05,deployed,1
GB0-145-50,GB0-145,Basket Bed,Palm Island,2025-08-05,deployed,1
GB0-145-51,GB0-145,Basket Bed,Palm Island,2025-08-05,deployed,1
GB0-145-52,GB0-145,Basket Bed,Palm Island,2025-08-05,deployed,1
GB0-145-53,GB0-145,Basket Bed,Palm Island,2025-08-05,deployed,1
GB0-145-54,GB0-145,Basket Bed,Palm Island,2025-08-05,deployed,1
GB0-145-55,GB0-145,Basket Bed,Palm Island,2025-08-05,deployed,1
GB0-145-56,GB0-145,Basket Bed,Palm Island,2025-08-05,deployed,1
GB0-145-57,GB0-145,Basket Bed,Palm Island,2025-08-05,deployed,1
GB0-145-58,GB0-145,Basket Bed,Palm Island,2025-08-05,deployed,1
GB0-145-59,GB0-145,Basket Bed,Palm Island,2025-08-05,deployed,1
GB0-145-6,GB0-145,Basket Bed,Palm Island,2025-08-05,deployed,1
GB0-145-60,GB0-145,Basket Bed,Palm Island,2025-08-05,deployed,1
GB0-145-7,GB0-145,Basket Bed,Palm Island,2025-08-05,deployed,1
GB0-145-8,GB0-145,Basket Bed,Palm Island,2025-08-05,deployed,1
GB0-145-9,GB0-145,Basket Bed,Palm Island,2025-08-05,deployed,1
GB0-148-1,GB0-148,Basket Bed,Utopia Homelands,2025-10-08,deployed,1
GB0-148-10,GB0-148,Basket Bed,Utopia Homelands,2025-10-08,deployed,1
GB0-148-11,GB0-148,Basket Bed,Utopia Homelands,2025-10-08,deployed,1
GB0-148-12,GB0-148,Basket Bed,Utopia Homelands,2025-10-08,deployed,1
GB0-148-13,GB0-148,Basket Bed,Utopia Homelands,2025-10-08,deployed,1
GB0-148-14,GB0-148,Basket Bed,Utopia Homelands,2025-10-08,deployed,1
GB0-148-15,GB0-148,Basket Bed,Utopia Homelands,2025-10-08,deployed,1
GB0-148-16,GB0-148,Basket Bed,Utopia Homelands,2025-10-08,deployed,1
GB0-148-17,GB0-148,Basket Bed,Utopia Homelands,2025-10-08,deployed,1
GB0-148-18,GB0-148,Basket Bed,Utopia Homelands,2025-10-08,deployed,1
GB0-148-19,GB0-148,Basket Bed,Utopia Homelands,2025-10-08,deployed,1
GB0-148-2,GB0-148,Basket Bed,Utopia Homelands,2025-10-08,deployed,1
GB0-148-20,GB0-148,Basket Bed,Utopia Homelands,2025-10-08,deployed,1
GB0-148-21,GB0-148,Basket Bed,Utopia Homelands,2025-10-08,deployed,1
GB0-148-22,GB0-148,Basket Bed,Utopia Homelands,2025-10-08,deployed,1
GB0-148-23,GB0-148,Basket Bed,Utopia Homelands,2025-10-08,deployed,1
GB0-148-24,GB0-148,Basket Bed,Utopia Homelands,2025-10-08,deployed,1
GB0-148-25,GB0-148,Basket Bed,Utopia Homelands,2025-10-08,deployed,1
GB0-148-26,GB0-148,Basket Bed,Utopia Homelands,2025-10-08,deployed,1
GB0-148-27,GB0-148,Basket Bed,Utopia Homelands,2025-10-08,deployed,1
GB0-148-28,GB0-148,Basket Bed,Utopia Homelands,2025-10-08,deployed,1
GB0-148-29,GB0-148,Basket Bed,Utopia Homelands,2025-10-08,deployed,1
GB0-148-3,GB0-148,Basket Bed,Utopia Homelands,2025-10-08,deployed,1
GB0-148-30,GB0-148,Basket Bed,Utopia Homelands,2025-10-08,deployed,1
GB0-148-31,GB0-148,Basket Bed,Utopia Homelands,2025-10-08,deployed,1
GB0-148-32,GB0-148,Basket Bed,Utopia Homelands,2025-10-08,deployed,1
GB0-148-33,GB0-148,Basket Bed,Utopia Homelands,2025-10-08,deployed,1
GB0-148-34,GB0-148,Basket Bed,Utopia Homelands,2025-10-08,deployed,1
GB0-148-35,GB0-148,Basket Bed,Utopia Homelands,2025-10-08,deployed,1
GB0-148-36,GB0-148,Basket Bed,Utopia Homelands,2025-10-08,deployed,1
GB0-148-37,GB0-148,Basket Bed,Utopia Homelands,2025-10-08,deployed,1
GB0-148-38,GB0-148,Basket Bed,Utopia Homelands,2025-10-08,deployed,1
GB0-148-39,GB0-148,Basket Bed,Utopia Homelands,2025-10-08,deployed,1
GB0-148-4,GB0-148,Basket Bed,Utopia Homelands,2025-10-08,deployed,1
GB0-148-40,GB0-148,Basket Bed,Utopia Homelands,2025-10-08,deployed,1
GB0-148-41,GB0-148,Basket Bed,Utopia Homelands,2025-10-08,deployed,1
GB0-148-42,GB0-148,Basket Bed,Utopia Homelands,2025-10-08,deployed,1
GB0-148-43,GB0-148,Basket Bed,Utopia Homelands,2025-10-08,deployed,1
GB0-148-44,GB0-148,Basket Bed,Utopia Homelands,2025-10-08,deployed,1
GB0-148-45,GB0-148,Basket Bed,Utopia Homelands,2025-10-08,deployed,1
GB0-148-46,GB0-148,Basket Bed,Utopia Homelands,2025-10-08,deployed,1
GB0-148-47,GB0-148,Basket Bed,Utopia Homelands,2025-10-08,deployed,1
GB0-148-48,GB0-148,Basket Bed,Utopia Homelands,2025-10-08,deployed,1
GB0-148-49,GB0-148,Basket Bed,Utopia Homelands,2025-10-08,deployed,1
GB0-148-5,GB0-148,Basket Bed,Utopia Homelands,2025-10-08,deployed,1
GB0-148-50,GB0-148,Basket Bed,Utopia Homelands,2025-10-08,deployed,1
GB0-148-51,GB0-148,Basket Bed,Utopia Homelands,2025-10-08,deployed,1
GB0-148-52,GB0-148,Basket Bed,Utopia Homelands,2025-10-08,deployed,1
GB0-148-53,GB0-148,Basket Bed,Utopia Homelands,2025-10-08,deployed,1
GB0-148-54,GB0-148,Basket Bed,Utopia Homelands,2025-10-08,deployed,1
GB0-148-55,GB0-148,Basket Bed,Utopia Homelands,2025-10-08,deployed,1
GB0-148-56,GB0-148,Basket Bed,Utopia Homelands,2025-10-08,deployed,1
GB0-148-57,GB0-148,Basket Bed,Utopia Homelands,2025-10-08,deployed,1
GB0-148-58,GB0-148,Basket Bed,Utopia Homelands,2025-10-08,deployed,1
GB0-148-59,GB0-148,Basket Bed,Utopia Homelands,2025-10-08,deployed,1
GB0-148-6,GB0-148,Basket Bed,Utopia Homelands,2025-10-08,deployed,1
GB0-148-60,GB0-148,Basket Bed,Utopia Homelands,2025-10-08,deployed,1
GB0-148-7,GB0-148,Basket Bed,Utopia Homelands,2025-10-08,deployed,1
GB0-148-8,GB0-148,Basket Bed,Utopia Homelands,2025-10-08,deployed,1
GB0-148-9,GB0-148,Basket Bed,Utopia Homelands,2025-10-08,deployed,1
GB0-149-1,GB0-149,Basket Bed,Maningrida,2025-10-14,deployed,1
GB0-149-10,GB0-149,Basket Bed,Maningrida,2025-10-14,deployed,1
GB0-149-11,GB0-149,Basket Bed,Maningrida,2025-10-14,deployed,1
GB0-149-12,GB0-149,Basket Bed,Maningrida,2025-10-14,deployed,1
GB0-149-13,GB0-149,Basket Bed,Maningrida,2025-10-14,deployed,1
GB0-149-14,GB0-149,Basket Bed,Maningrida,2025-10-14,deployed,1
GB0-149-15,GB0-149,Basket Bed,Maningrida,2025-10-14,deployed,1
GB0-149-16,GB0-149,Basket Bed,Maningrida,2025-10-14,deployed,1
GB0-149-17,GB0-149,Basket Bed,Maningrida,2025-10-14,deployed,1
GB0-149-18,GB0-149,Basket Bed,Maningrida,2025-10-14,deployed,1
GB0-149-2,GB0-149,Basket Bed,Maningrida,2025-10-14,deployed,1
GB0-149-3,GB0-149,Basket Bed,Maningrida,2025-10-14,deployed,1
GB0-149-4,GB0-149,Basket Bed,Maningrida,2025-10-14,deployed,1
GB0-149-5,GB0-149,Basket Bed,Maningrida,2025-10-14,deployed,1
GB0-149-6,GB0-149,Basket Bed,Maningrida,2025-10-14,deployed,1
GB0-149-7,GB0-149,Basket Bed,Maningrida,2025-10-14,deployed,1
GB0-149-8,GB0-149,Basket Bed,Maningrida,2025-10-14,deployed,1
GB0-149-9,GB0-149,Basket Bed,Maningrida,2025-10-14,deployed,1
GB0-15,GB0-15,Basket Bed,Palm Island,2024-11-11,deployed,1
GB0-151-1,GB0-151,Stretch Bed,Tennant Creek,2025-10-07,deployed,1
GB0-151-2,GB0-151,Stretch Bed,Tennant Creek,2025-10-07,deployed,1
GB0-151-3,GB0-151,Stretch Bed,Tennant Creek,2025-10-07,deployed,1
GB0-152-1,GB0-152,Stretch Bed,Utopia Homelands,2025-12-02,deployed,1
GB0-152-10,GB0-152,Stretch Bed,Tennant Creek,2025-12-02,deployed,1
GB0-152-11,GB0-152,Stretch Bed,Tennant Creek,2025-12-02,deployed,1
GB0-152-12,GB0-152,Stretch Bed,Tennant Creek,2025-12-02,deployed,1
GB0-152-13,GB0-152,Stretch Bed,Tennant Creek,2025-12-02,deployed,1
GB0-152-14,GB0-152,Stretch Bed,Tennant Creek,2025-12-02,deployed,1
GB0-152-15,GB0-152,Stretch Bed,Tennant Creek,2025-12-02,deployed,1
GB0-152-2,GB0-152,Stretch Bed,Utopia Homelands,2025-12-02,deployed,1
GB0-152-3,GB0-152,Stretch Bed,Utopia Homelands,2025-12-02,deployed,1
GB0-152-4,GB0-152,Stretch Bed,Utopia Homelands,2025-12-02,deployed,1
GB0-152-5,GB0-152,Stretch Bed,Utopia Homelands,2025-12-02,deployed,1
GB0-152-6,GB0-152,Stretch Bed,Utopia Homelands,2025-12-02,deployed,1
GB0-152-7,GB0-152,Stretch Bed,Utopia Homelands,2025-12-02,deployed,1
GB0-152-8,GB0-152,Stretch Bed,Utopia Homelands,2025-12-02,deployed,1
GB0-152-9,GB0-152,Stretch Bed,Tennant Creek,2025-12-02,deployed,1
GB0-153-1,GB0-153,Stretch Bed,Tennant Creek,2025-12-02,deployed,1
GB0-153-11,GB0-153,Stretch Bed,Tennant Creek,2025-12-13,deployed,1
GB0-153-12,GB0-153,Stretch Bed,Tennant Creek,2025-12-13,deployed,1
GB0-153-13,GB0-153,Stretch Bed,Tennant Creek,2025-12-13,deployed,1
GB0-153-14,GB0-153,Stretch Bed,Alice Springs,2025-12-12,deployed,1
GB0-153-15,GB0-153,Stretch Bed,Tennant Creek,2025-12-02,deployed,1
GB0-153-2,GB0-153,Stretch Bed,Alice Springs,2025-12-12,deployed,1
GB0-153-3,GB0-153,Stretch Bed,Alice Springs,2025-12-12,deployed,1
GB0-153-4,GB0-153,Stretch Bed,Tennant Creek,2025-12-13,deployed,1
GB0-153-5,GB0-153,Stretch Bed,Alice Springs,2025-12-12,deployed,1
GB0-153-6,GB0-153,Stretch Bed,Alice Springs,2025-12-12,deployed,1
GB0-153-7,GB0-153,Stretch Bed,Alice Springs,2025-12-12,deployed,1
GB0-153-9,GB0-153,Stretch Bed,Alice Springs,2025-12-12,deployed,1
GB0-155-1,GB0-155,Stretch Bed,Tennant Creek,2025-12-13,deployed,1
GB0-155-10,GB0-155,Stretch Bed,Tennant Creek,2025-12-13,deployed,1
GB0-155-2,GB0-155,Stretch Bed,Tennant Creek,2025-12-13,deployed,1
GB0-155-3,GB0-155,Stretch Bed,Tennant Creek,2025-12-13,deployed,1
GB0-155-4,GB0-155,Stretch Bed,Tennant Creek,,deployed,1
GB0-155-5,GB0-155,Stretch Bed,Tennant Creek,,deployed,1
GB0-155-6,GB0-155,Stretch Bed,Tennant Creek,,deployed,1
GB0-155-7,GB0-155,Stretch Bed,Tennant Creek,,deployed,1
GB0-155-8,GB0-155,Stretch Bed,Tennant Creek,,deployed,1
GB0-155-9,GB0-155,Stretch Bed,Tennant Creek,,deployed,1
GB0-156-1,GB0-156,Stretch Bed,Alice Springs,2026-05-21,deployed,1
GB0-156-10,GB0-156,Stretch Bed,Utopia Homelands,2026-05-22,deployed,1
GB0-156-102,GB0-156,Stretch Bed,Alice Springs,2026-05-21,deployed,1
GB0-156-103,GB0-156,Stretch Bed,Alice Springs,2026-05-21,deployed,1
GB0-156-104,GB0-156,Stretch Bed,Utopia Homelands,2026-05-21,deployed,1
GB0-156-105,GB0-156,Stretch Bed,Utopia Homelands,2026-05-21,deployed,1
GB0-156-106,GB0-156,Stretch Bed,Utopia Homelands,2026-05-21,deployed,1
GB0-156-107,GB0-156,Stretch Bed,Utopia Homelands,2026-05-21,deployed,1
GB0-156-11,GB0-156,Stretch Bed,Utopia Homelands,2026-05-22,deployed,1
GB0-156-12,GB0-156,Stretch Bed,Utopia Homelands,2026-05-22,deployed,1
GB0-156-13,GB0-156,Stretch Bed,Utopia Homelands,2026-05-22,deployed,1
GB0-156-14,GB0-156,Stretch Bed,Utopia Homelands,2026-05-22,deployed,1
GB0-156-15,GB0-156,Stretch Bed,Utopia Homelands,2026-05-22,deployed,1
GB0-156-16,GB0-156,Stretch Bed,Utopia Homelands,2026-05-22,deployed,1
GB0-156-17,GB0-156,Stretch Bed,Utopia Homelands,2026-05-22,deployed,1
GB0-156-18,GB0-156,Stretch Bed,Utopia Homelands,2026-05-22,deployed,1
GB0-156-19,GB0-156,Stretch Bed,Utopia Homelands,2026-05-22,deployed,1
GB0-156-2,GB0-156,Stretch Bed,Alice Springs,2026-05-21,deployed,1
GB0-156-20,GB0-156,Stretch Bed,Utopia Homelands,2026-05-21,deployed,1
GB0-156-21,GB0-156,Stretch Bed,Utopia Homelands,2026-05-22,deployed,1
GB0-156-22,GB0-156,Stretch Bed,Utopia Homelands,2026-05-21,deployed,1
GB0-156-23,GB0-156,Stretch Bed,Utopia Homelands,2026-05-22,deployed,1
GB0-156-24,GB0-156,Stretch Bed,Utopia Homelands,2026-05-21,deployed,1
GB0-156-25,GB0-156,Stretch Bed,Utopia Homelands,2026-05-22,deployed,1
GB0-156-26,GB0-156,Stretch Bed,Utopia Homelands,2026-05-21,deployed,1
GB0-156-27,GB0-156,Stretch Bed,Utopia Homelands,2026-05-21,deployed,1
GB0-156-28,GB0-156,Stretch Bed,Utopia Homelands,2026-05-21,deployed,1
GB0-156-29,GB0-156,Stretch Bed,Utopia Homelands,2026-05-22,deployed,1
GB0-156-3,GB0-156,Stretch Bed,Alice Springs,2026-05-21,deployed,1
GB0-156-30,GB0-156,Stretch Bed,Utopia Homelands,2026-05-21,deployed,1
GB0-156-31,GB0-156,Stretch Bed,Utopia Homelands,2026-05-21,deployed,1
GB0-156-32,GB0-156,Stretch Bed,Utopia Homelands,2026-05-22,deployed,1
GB0-156-33,GB0-156,Stretch Bed,Utopia Homelands,2026-05-22,deployed,1
GB0-156-34,GB0-156,Stretch Bed,Utopia Homelands,2026-05-22,deployed,1
GB0-156-35,GB0-156,Stretch Bed,Utopia Homelands,2026-05-22,deployed,1
GB0-156-36,GB0-156,Stretch Bed,Utopia Homelands,2026-05-22,deployed,1
GB0-156-37,GB0-156,Stretch Bed,Utopia Homelands,2026-05-21,deployed,1
GB0-156-38,GB0-156,Stretch Bed,Utopia Homelands,2026-05-21,deployed,1
GB0-156-39,GB0-156,Stretch Bed,Utopia Homelands,2026-05-22,deployed,1
GB0-156-4,GB0-156,Stretch Bed,Alice Springs,2026-05-21,deployed,1
GB0-156-40,GB0-156,Stretch Bed,Utopia Homelands,2026-05-21,deployed,1
GB0-156-41,GB0-156,Stretch Bed,Utopia Homelands,2026-05-22,deployed,1
GB0-156-42,GB0-156,Stretch Bed,Utopia Homelands,2026-05-22,deployed,1
GB0-156-43,GB0-156,Stretch Bed,Utopia Homelands,2026-05-22,deployed,1
GB0-156-44,GB0-156,Stretch Bed,Utopia Homelands,2026-05-22,deployed,1
GB0-156-45,GB0-156,Stretch Bed,Utopia Homelands,2026-05-22,deployed,1
GB0-156-46,GB0-156,Stretch Bed,Utopia Homelands,2026-05-22,deployed,1
GB0-156-47,GB0-156,Stretch Bed,Utopia Homelands,2026-05-22,deployed,1
GB0-156-48,GB0-156,Stretch Bed,Utopia Homelands,2026-05-22,deployed,1
GB0-156-49,GB0-156,Stretch Bed,Utopia Homelands,2026-05-22,deployed,1
GB0-156-5,GB0-156,Stretch Bed,Alice Springs,2026-05-21,deployed,1
GB0-156-50,GB0-156,Stretch Bed,Utopia Homelands,2026-05-22,deployed,1
GB0-156-51,GB0-156,Stretch Bed,Utopia Homelands,2026-05-22,deployed,1
GB0-156-52,GB0-156,Stretch Bed,Utopia Homelands,2026-05-22,deployed,1
GB0-156-53,GB0-156,Stretch Bed,Utopia Homelands,2026-05-22,deployed,1
GB0-156-54,GB0-156,Stretch Bed,Utopia Homelands,2026-05-22,deployed,1
GB0-156-55,GB0-156,Stretch Bed,Utopia Homelands,2026-05-22,deployed,1
GB0-156-56,GB0-156,Stretch Bed,Utopia Homelands,2026-05-22,deployed,1
GB0-156-57,GB0-156,Stretch Bed,Utopia Homelands,2026-05-22,deployed,1
GB0-156-58,GB0-156,Stretch Bed,Utopia Homelands,2026-05-22,deployed,1
GB0-156-59,GB0-156,Stretch Bed,Utopia Homelands,2026-05-22,deployed,1
GB0-156-6,GB0-156,Stretch Bed,Alice Springs,2026-05-21,deployed,1
GB0-156-60,GB0-156,Stretch Bed,Utopia Homelands,2026-05-22,deployed,1
GB0-156-61,GB0-156,Stretch Bed,Utopia Homelands,2026-05-22,deployed,1
GB0-156-62,GB0-156,Stretch Bed,Utopia Homelands,2026-05-22,deployed,1
GB0-156-63,GB0-156,Stretch Bed,Utopia Homelands,2026-05-22,deployed,1
GB0-156-64,GB0-156,Stretch Bed,Utopia Homelands,2026-05-22,deployed,1
GB0-156-65,GB0-156,Stretch Bed,Utopia Homelands,2026-05-22,deployed,1
GB0-156-66,GB0-156,Stretch Bed,Utopia Homelands,2026-05-22,deployed,1
GB0-156-67,GB0-156,Stretch Bed,Utopia Homelands,2026-05-22,deployed,1
GB0-156-68,GB0-156,Stretch Bed,Utopia Homelands,2026-05-22,deployed,1
GB0-156-69,GB0-156,Stretch Bed,Utopia Homelands,2026-05-22,deployed,1
GB0-156-7,GB0-156,Stretch Bed,Utopia Homelands,2026-05-22,deployed,1
GB0-156-70,GB0-156,Stretch Bed,Utopia Homelands,2026-05-22,deployed,1
GB0-156-71,GB0-156,Stretch Bed,Utopia Homelands,2026-05-22,deployed,1
GB0-156-72,GB0-156,Stretch Bed,Utopia Homelands,2026-05-22,deployed,1
GB0-156-73,GB0-156,Stretch Bed,Utopia Homelands,2026-05-22,deployed,1
GB0-156-8,GB0-156,Stretch Bed,Utopia Homelands,2026-05-22,deployed,1
GB0-156-84,GB0-156,Stretch Bed,Utopia Homelands,2026-05-22,deployed,1
GB0-156-87,GB0-156,Stretch Bed,Utopia Homelands,2026-05-21,deployed,1
GB0-156-88,GB0-156,Stretch Bed,Utopia Homelands,2026-05-21,deployed,1
GB0-156-9,GB0-156,Stretch Bed,Utopia Homelands,2026-05-22,deployed,1
GB0-156-93,GB0-156,Stretch Bed,Utopia Homelands,2026-05-21,deployed,1
GB0-156-95,GB0-156,Stretch Bed,Utopia Homelands,2026-05-21,deployed,1
GB0-156-96,GB0-156,Stretch Bed,Utopia Homelands,2026-05-21,deployed,1
GB0-156-97,GB0-156,Stretch Bed,Utopia Homelands,2026-05-21,deployed,1
GB0-156-98,GB0-156,Stretch Bed,Utopia Homelands,2026-05-21,deployed,1
GB0-157-1,GB0-157,Stretch Bed,Maningrida,2026-07-18,deployed,1
GB0-157-10,GB0-157,Stretch Bed,Maningrida,2026-07-18,deployed,1
GB0-157-11,GB0-157,Stretch Bed,Maningrida,2026-07-18,deployed,1
GB0-157-12,GB0-157,Stretch Bed,Maningrida,2026-07-18,deployed,1
GB0-157-13,GB0-157,Stretch Bed,Maningrida,2026-07-18,deployed,1
GB0-157-14,GB0-157,Stretch Bed,Maningrida,2026-07-18,deployed,1
GB0-157-15,GB0-157,Stretch Bed,Maningrida,2026-07-18,deployed,1
GB0-157-16,GB0-157,Stretch Bed,Maningrida,2026-07-18,deployed,1
GB0-157-17,GB0-157,Stretch Bed,Maningrida,2026-07-18,deployed,1
GB0-157-18,GB0-157,Stretch Bed,Maningrida,2026-07-18,deployed,1
GB0-157-19,GB0-157,Stretch Bed,Maningrida,2026-07-18,deployed,1
GB0-157-2,GB0-157,Stretch Bed,Maningrida,2026-07-18,deployed,1
GB0-157-20,GB0-157,Stretch Bed,Maningrida,2026-07-18,deployed,1
GB0-157-21,GB0-157,Stretch Bed,Maningrida,2026-07-18,deployed,1
GB0-157-22,GB0-157,Stretch Bed,Maningrida,2026-07-18,deployed,1
GB0-157-23,GB0-157,Stretch Bed,Maningrida,2026-07-18,deployed,1
GB0-157-24,GB0-157,Stretch Bed,Maningrida,2026-07-18,deployed,1
GB0-157-25,GB0-157,Stretch Bed,Maningrida,2026-07-18,deployed,1
GB0-157-26,GB0-157,Stretch Bed,Maningrida,2026-07-18,deployed,1
GB0-157-27,GB0-157,Stretch Bed,Maningrida,2026-07-18,deployed,1
GB0-157-28,GB0-157,Stretch Bed,Maningrida,2026-07-18,deployed,1
GB0-157-29,GB0-157,Stretch Bed,Maningrida,2026-07-18,deployed,1
GB0-157-3,GB0-157,Stretch Bed,Maningrida,2026-07-18,deployed,1
GB0-157-30,GB0-157,Stretch Bed,Maningrida,2026-07-18,deployed,1
GB0-157-31,GB0-157,Stretch Bed,Maningrida,2026-07-18,deployed,1
GB0-157-32,GB0-157,Stretch Bed,Maningrida,2026-07-18,deployed,1
GB0-157-33,GB0-157,Stretch Bed,Maningrida,2026-07-18,deployed,1
GB0-157-34,GB0-157,Stretch Bed,Maningrida,2026-07-18,deployed,1
GB0-157-35,GB0-157,Stretch Bed,Maningrida,2026-07-18,deployed,1
GB0-157-36,GB0-157,Stretch Bed,Maningrida,2026-07-18,deployed,1
GB0-157-37,GB0-157,Stretch Bed,Maningrida,2026-07-18,deployed,1
GB0-157-38,GB0-157,Stretch Bed,Maningrida,2026-07-18,deployed,1
GB0-157-39,GB0-157,Stretch Bed,Maningrida,2026-07-18,deployed,1
GB0-157-4,GB0-157,Stretch Bed,Maningrida,2026-07-18,deployed,1
GB0-157-40,GB0-157,Stretch Bed,Maningrida,2026-07-18,deployed,1
GB0-157-5,GB0-157,Stretch Bed,Maningrida,2026-07-18,deployed,1
GB0-157-6,GB0-157,Stretch Bed,Maningrida,2026-07-18,deployed,1
GB0-157-7,GB0-157,Stretch Bed,Maningrida,2026-07-18,deployed,1
GB0-157-8,GB0-157,Stretch Bed,Maningrida,2026-07-18,deployed,1
GB0-157-9,GB0-157,Stretch Bed,Maningrida,2026-07-18,deployed,1
GB0-158-1,GB0-158,Stretch Bed,Kununurra,2026-07-19,deployed,1
GB0-158-2,GB0-158,Stretch Bed,Kununurra,2026-07-19,deployed,1
GB0-159-1,GB0-159,Stretch Bed,Katherine,2026-07-19,deployed,1
GB0-16,GB0-16,Basket Bed,Palm Island,2024-11-11,deployed,1
GB0-160-1,GB0-160,Stretch Bed,Tennant Creek,2026-07-19,deployed,1
GB0-17,GB0-17,Basket Bed,Palm Island,2024-11-11,deployed,1
GB0-18,GB0-18,Basket Bed,Palm Island,2024-11-11,deployed,1
GB0-19,GB0-19,Basket Bed,Palm Island,2024-11-11,deployed,1
GB0-2,GB0-2,Basket Bed,Kalgoorlie,2024-10-04,deployed,1
GB0-20,GB0-20,Basket Bed,Palm Island,2024-11-11,deployed,1
GB0-21,GB0-21,Basket Bed,Palm Island,2024-11-11,deployed,1
GB0-22-1,GB0-22,Basket Bed,Kalgoorlie,2024-11-28,deployed,1
GB0-22-10,GB0-22,Basket Bed,Kalgoorlie,2024-11-28,deployed,1
GB0-22-2,GB0-22,Basket Bed,Kalgoorlie,2024-11-28,deployed,1
GB0-22-3,GB0-22,Basket Bed,Kalgoorlie,2024-11-28,deployed,1
GB0-22-4,GB0-22,Basket Bed,Kalgoorlie,2024-11-28,deployed,1
GB0-22-5,GB0-22,Basket Bed,Kalgoorlie,2024-11-28,deployed,1
GB0-22-6,GB0-22,Basket Bed,Kalgoorlie,2024-11-28,deployed,1
GB0-22-7,GB0-22,Basket Bed,Kalgoorlie,2024-11-28,deployed,1
GB0-22-8,GB0-22,Basket Bed,Kalgoorlie,2024-11-28,deployed,1
GB0-22-9,GB0-22,Basket Bed,Kalgoorlie,2024-11-28,deployed,1
GB0-23-1,GB0-23,Basket Bed,Palm Island,2024-12-13,deployed,1
GB0-23-2,GB0-23,Basket Bed,Palm Island,2024-12-13,deployed,1
GB0-23-3,GB0-23,Basket Bed,Palm Island,2024-12-13,deployed,1
GB0-27-1,GB0-27,Basket Bed,Palm Island,2024-12-13,deployed,1
GB0-27-2,GB0-27,Basket Bed,Palm Island,2024-12-13,deployed,1
GB0-28,GB0-28,Basket Bed,Palm Island,2024-12-13,deployed,1
GB0-29,GB0-29,Basket Bed,Palm Island,2024-12-13,deployed,1
GB0-30-1,GB0-30,Basket Bed,Palm Island,2024-12-13,deployed,1
GB0-30-2,GB0-30,Basket Bed,Palm Island,2024-12-13,deployed,1
GB0-30-3,GB0-30,Basket Bed,Palm Island,2024-12-13,deployed,1
GB0-33,GB0-33,Basket Bed,Palm Island,2024-12-13,deployed,1
GB0-35-1,GB0-35,Basket Bed,Palm Island,2024-12-13,deployed,1
GB0-35-2,GB0-35,Basket Bed,Palm Island,2024-12-13,deployed,1
GB0-36-1,GB0-36,Basket Bed,Palm Island,2024-12-13,deployed,1
GB0-36-2,GB0-36,Basket Bed,Palm Island,2024-12-13,deployed,1
GB0-39-1,GB0-39,Basket Bed,Palm Island,2024-12-14,deployed,1
GB0-39-2,GB0-39,Basket Bed,Palm Island,2024-12-14,deployed,1
GB0-4,GB0-4,Basket Bed,Kalgoorlie,2024-10-04,deployed,1
GB0-42-1,GB0-42,Basket Bed,Palm Island,2024-12-14,deployed,1
GB0-42-2,GB0-42,Basket Bed,Palm Island,2024-12-14,deployed,1
GB0-43-1,GB0-43,Basket Bed,Palm Island,2024-12-14,deployed,1
GB0-43-2,GB0-43,Basket Bed,Palm Island,2024-12-14,deployed,1
GB0-47-1,GB0-47,Basket Bed,Palm Island,2024-12-14,deployed,1
GB0-47-2,GB0-47,Basket Bed,Palm Island,2024-12-14,deployed,1
GB0-47-3,GB0-47,Basket Bed,Palm Island,2024-12-14,deployed,1
GB0-5,GB0-5,Basket Bed,Kalgoorlie,2024-10-04,deployed,1
GB0-50-1,GB0-50,Basket Bed,Palm Island,2024-12-14,deployed,1
GB0-50-2,GB0-50,Basket Bed,Palm Island,2024-12-14,deployed,1
GB0-52-1,GB0-52,Basket Bed,Palm Island,2024-12-14,deployed,1
GB0-52-2,GB0-52,Basket Bed,Palm Island,2024-12-14,deployed,1
GB0-54-1,GB0-54,Basket Bed,Palm Island,2024-12-14,deployed,1
GB0-54-2,GB0-54,Basket Bed,Palm Island,2024-12-14,deployed,1
GB0-56-1,GB0-56,Basket Bed,Palm Island,2025-05-22,deployed,1
GB0-56-2,GB0-56,Basket Bed,Palm Island,2025-05-22,deployed,1
GB0-57-1,GB0-57,Basket Bed,Palm Island,2024-12-14,deployed,1
GB0-57-2,GB0-57,Basket Bed,Palm Island,2024-12-14,deployed,1
GB0-6,GB0-6,Basket Bed,Kalgoorlie,2024-10-04,deployed,1
GB0-61-1,GB0-61,Basket Bed,Palm Island,2024-12-14,deployed,1
GB0-61-2,GB0-61,Basket Bed,Palm Island,2024-12-14,deployed,1
GB0-61-3,GB0-61,Basket Bed,Palm Island,2024-12-14,deployed,1
GB0-62-1,GB0-62,Basket Bed,Palm Island,2024-12-14,deployed,1
GB0-62-2,GB0-62,Basket Bed,Palm Island,2024-12-14,deployed,1
GB0-62-3,GB0-62,Basket Bed,Palm Island,2024-12-14,deployed,1
GB0-62-4,GB0-62,Basket Bed,Palm Island,2024-12-14,deployed,1
GB0-66,GB0-66,Basket Bed,Palm Island,2024-12-14,deployed,1
GB0-68,GB0-68,Basket Bed,Palm Island,2024-12-14,deployed,1
GB0-7,GB0-7,Basket Bed,Kalgoorlie,2024-10-04,deployed,1
GB0-70-1,GB0-70,Basket Bed,Palm Island,2024-12-14,deployed,1
GB0-70-2,GB0-70,Basket Bed,Palm Island,2024-12-14,deployed,1
GB0-70-3,GB0-70,Basket Bed,Palm Island,2024-12-14,deployed,1
GB0-72-1,GB0-72,Basket Bed,Palm Island,2024-12-14,deployed,1
GB0-72-2,GB0-72,Basket Bed,Palm Island,2024-12-14,deployed,1
GB0-73,GB0-73,Basket Bed,Palm Island,2024-12-14,deployed,1
GB0-8,GB0-8,Basket Bed,Kalgoorlie,2024-10-04,deployed,1
GB0-83-1,GB0-83,Basket Bed,Palm Island,2024-12-15,deployed,1
GB0-83-2,GB0-83,Basket Bed,Palm Island,2024-12-15,deployed,1
GB0-86-1,GB0-86,Basket Bed,Palm Island,2024-12-15,deployed,1
GB0-86-2,GB0-86,Basket Bed,Palm Island,2024-12-15,deployed,1
GB0-89,GB0-89,Basket Bed,Palm Island,2024-11-11,deployed,1
GB0-9,GB0-9,Basket Bed,Kalgoorlie,2024-10-04,deployed,1
GB0-91,GB0-91,Basket Bed,Tennant Creek,2024-12-14,deployed,1
GB0-92,GB0-92,Basket Bed,Tennant Creek,2024-12-14,deployed,1
GB0-93,GB0-93,Basket Bed,Tennant Creek,2024-12-14,deployed,1
GB0-94,GB0-94,Basket Bed,Tennant Creek,2024-12-14,deployed,1
GB0-95,GB0-95,Basket Bed,Tennant Creek,2024-12-14,deployed,1
GB0-97,GB0-97,Basket Bed,Alice Springs,2024-12-14,deployed,1
